<?xml version="1.0" encoding="UTF-8"?>
<project-private xmlns="http://www.netbeans.org/ns/project-private/1">
    <editor-bookmarks xmlns="http://www.netbeans.org/ns/editor-bookmarks/2" lastBookmarkId="0"/>
    <open-files xmlns="http://www.netbeans.org/ns/projectui-open-files/2">
        <group>
            <file>file:/C:/Users/Codeme/Documents/NetBeansProjects/LiabrayPage/src/CreateAccount.java</file>
            <file>file:/C:/Users/Codeme/Documents/NetBeansProjects/LiabrayPage/src/LoginPage.java</file>
            <file>file:/C:/Users/Codeme/Documents/NetBeansProjects/LiabrayPage/src/ReturnBook.java</file>
            <file>file:/C:/Users/Codeme/Documents/NetBeansProjects/LiabrayPage/src/DetailForm.java</file>
            <file>file:/C:/Users/Codeme/Documents/NetBeansProjects/LiabrayPage/src/AdminPage.java</file>
            <file>file:/C:/Users/Codeme/Documents/NetBeansProjects/LiabrayPage/src/BorrowBook.java</file>
            <file>file:/C:/Users/Codeme/Documents/NetBeansProjects/LiabrayPage/src/AdminLogin.java</file>
        </group>
    </open-files>
</project-private>
